{
    "version": 1,
    "author": "Uri Shaked",
    "editor": "wokwi",
    "parts": [
      { "type": "board-esp32-devkit-c-v4", "id": "esp", "top": 0, "left": 0, "attrs": {} },
      { "type": "wokwi-relay-module", "id": "relay1", "top": -67, "left": 240, "attrs": {} },
      {
        "type": "wokwi-pushbutton",
        "id": "btn1",
        "top": 83,
        "left": 230.4,
        "attrs": { "color": "green", "xray": "1" }
      },
      { "type": "wokwi-led", "id": "led1", "top": 150, "left": 186.2, "attrs": { "color": "red" } }
    ],
    "connections": [
      [ "esp:TX", "$serialMonitor:RX", "", [] ],
      [ "esp:RX", "$serialMonitor:TX", "", [] ],
      [ "relay1:VCC", "esp:3V3", "red", [ "h-240", "v76.8" ] ],
      [ "relay1:GND", "esp:GND.2", "black", [ "h-144", "v66.8" ] ],
      [ "relay1:IN", "esp:23", "green", [ "h0", "v19" ] ],
      [ "btn1:1.l", "esp:19", "green", [ "h-19.2", "v0", "h0", "v0" ] ],
      [ "btn1:2.l", "esp:GND.2", "green", [ "h-96", "v-86.2" ] ],
      [ "led1:C", "esp:GND.2", "green", [ "v0", "h0.4", "v9.6", "h-9.6", "v-172.8", "h-19.2" ] ],
      [ "led1:A", "esp:18", "green", [ "v9.6", "h9.6", "v-96" ] ]
    ],
    "dependencies": {}
  }