{
    "version": 1,
    "author": "diva",
    "editor": "wokwi",
    "parts": [
      { "type": "wokwi-esp32-devkit-v1", "id": "esp", "top": -52.9, "left": -139.4, "attrs": {} },
      {
        "type": "wokwi-led",
        "id": "led1",
        "top": -70.8,
        "left": -437.8,
        "attrs": { "color": "red" }
      },
      {
        "type": "wokwi-led",
        "id": "led2",
        "top": -70.8,
        "left": -341.8,
        "attrs": { "color": "yellow" }
      },
      {
        "type": "wokwi-led",
        "id": "led3",
        "top": -70.8,
        "left": -255.4,
        "attrs": { "color": "limegreen" }
      },
      {
        "type": "wokwi-resistor",
        "id": "r1",
        "top": 23.45,
        "left": -231.8,
        "rotate": 180,
        "attrs": { "value": "1000" }
      },
      {
        "type": "wokwi-resistor",
        "id": "r2",
        "top": 61.55,
        "left": -307.2,
        "attrs": { "value": "1000" }
      },
      {
        "type": "wokwi-resistor",
        "id": "r3",
        "top": 42.35,
        "left": -403.2,
        "attrs": { "value": "1000" }
      }
    ],
    "connections": [
      [ "esp:TX0", "$serialMonitor:RX", "", [] ],
      [ "esp:RX0", "$serialMonitor:TX", "", [] ],
      [ "led2:A", "r2:1", "green", [ "v0" ] ],
      [ "led1:A", "r3:1", "green", [ "v76.8", "h9.6" ] ],
      [ "esp:GND.2", "led1:C", "black", [ "h-288", "v-124.9" ] ],
      [ "esp:GND.2", "led2:C", "black", [ "h-192", "v-124.9" ] ],
      [ "esp:GND.2", "led3:C", "black", [ "h-105.6", "v-115.3" ] ],
      [ "r3:2", "esp:D26", "green", [ "v0", "h210" ] ],
      [ "led3:A", "r1:2", "green", [ "v57.6" ] ],
      [ "r1:1", "esp:D33", "green", [ "v0", "h38.4" ] ],
      [ "r2:2", "esp:D27", "green", [ "v-9.6", "h114" ] ]
    ],
    "dependencies": {}
  }